{
  "title": "WooCommerce",
  "description": "This is the WooCommerce settings page declared using JSON Schema.",
  "definitions": {
    "woocommerce_default_country_options": {
      "type": "string",
      "enum": ["Germany", "Portugal"]
    },
    "woocommerce_allowed_countries": {
      "type": "string",
      "enum": ["Sell to all countries", "Sell to all countries, except for...", "Sell to specific countries"]
    },
    "woocommerce_shop_page_id": {
      "type": "string",
      "enum": ["Shop"]
    }
  },
  "type": "array",
  "items": [
    {
      "title": "General",
      "properties": {
        "woocommerce_store_address" : {
          "title": "Store Address",
          "description": "This is where your business is located. Tax rates and shipping rates will use this address.",
          "properties": {
            "woocommerce_store_address_1": {
              "type": "string",
              "title": "Address Line 1"
            },
            "woocommerce_store_address_2": {
              "type": "string",
              "title": "Address Line 2"
            },
            "woocommerce_store_city": {
              "type": "string",
              "title": "City",
              "maxLength": 20
            },
            "woocommerce_default_country": {
              "$ref": "#/definitions/woocommerce_default_country_options",
              "title": "Country"
            },
            "woocommerce_store_postcode": {
              "type": "string",
              "title": "Postcode / ZIP",
              "maxLength": 20
            }
          }
        },
        "woocommerce_general_options" : {
          "title": "General options",
          "properties": {
            "woocommerce_allowed_countries": {
              "$ref": "#/definitions/woocommerce_allowed_countries",
              "title": "Selling location(s)"
            },
            "woocommerce_enable_coupons": {
              "type": "boolean",
              "title": "Enable taxes",
              "description": "Rates will be configurable and taxes will be calculated during checkout."
            },
            "woocommerce_calc_discounts_sequentially": {
              "type": "boolean",
              "title": "Calculate coupon discounts sequentially",
              "description": "When applying multiple coupons, apply the first coupon to the full price and the second coupon to the discounted price and so on."
            }
          }
        },
        "woocommerce_currency_options" : {
          "title": "Currency options",
          "description": "The following options affect how prices are displayed on the frontend.",
          "properties": {
            "woocommerce_currency_currency": {
              "title": "Currency",
              "description": "This controls what currency prices are listed at in the catalog and which currency gateways will take payments in.",
              "type": "string",
              "default": "ftzc-EUR",
              "oneOf" : [
                { "title": "United Arab Emirates dirham (د.إ)", "const": "dx70-AED" },
                { "title": "Afghan afghani (؋)", "const": "86kk-AFN" },
                { "title": "Albanian lek (L)", "const": "ml4s-ALL" },
                { "title": "Armenian dram (AMD)", "const": "9nzy-AMD" },
                { "title": "Netherlands Antillean guilder (ƒ)", "const": "tz8w-ANG" },
                { "title": "Angolan kwanza (Kz)", "const": "ngb4-AOA" },
                { "title": "Argentine peso ($)", "const": "o5wi-ARS" },
                { "title": "Australian dollar ($)", "const": "2k5i-AUD" },
                { "title": "Aruban florin (Afl.)", "const": "h16s-AWG" },
                { "title": "Azerbaijani manat (₼)", "const": "zrj1-AZN" },
                { "title": "Bosnia and Herzegovina convertible mark (KM)", "const": "3vxi-BAM" },
                { "title": "Barbadian dollar ($)", "const": "sc6o-BBD" },
                { "title": "Bangladeshi taka (৳ )", "const": "sxzt-BDT" },
                { "title": "Bulgarian lev (лв.)", "const": "lha8-BGN" },
                { "title": "Bahraini dinar (.د.ب)", "const": "uj6t-BHD" },
                { "title": "Burundian franc (Fr)", "const": "85xw-BIF" },
                { "title": "Bermudian dollar ($)", "const": "42gv-BMD" },
                { "title": "Brunei dollar ($)", "const": "an5r-BND" },
                { "title": "Bolivian boliviano (Bs.)", "const": "x4jl-BOB" },
                { "title": "Brazilian real (R$)", "const": "1ywm-BRL" },
                { "title": "Bahamian dollar ($)", "const": "gfw1-BSD" },
                { "title": "Bitcoin (฿)", "const": "7lem-BTC" },
                { "title": "Bhutanese ngultrum (Nu.)", "const": "z1d9-BTN" },
                { "title": "Botswana pula (P)", "const": "zzwc-BWP" },
                { "title": "Belarusian ruble (old) (Br)", "const": "8o6h-BYR" },
                { "title": "Belarusian ruble (Br)", "const": "1dit-BYN" },
                { "title": "Belize dollar ($)", "const": "u699-BZD" },
                { "title": "Canadian dollar ($)", "const": "xxfq-CAD" },
                { "title": "Congolese franc (Fr)", "const": "039y-CDF" },
                { "title": "Swiss franc (CHF)", "const": "bpuo-CHF" },
                { "title": "Chilean peso ($)", "const": "xges-CLP" },
                { "title": "Chinese yuan (¥)", "const": "nwvf-CNY" },
                { "title": "Colombian peso ($)", "const": "zsbx-COP" },
                { "title": "Costa Rican colón (₡)", "const": "ek1k-CRC" },
                { "title": "Cuban convertible peso ($)", "const": "yekh-CUC" },
                { "title": "Cuban peso ($)", "const": "w5rw-CUP" },
                { "title": "Cape Verdean escudo ($)", "const": "kc1l-CVE" },
                { "title": "Czech koruna (Kč)", "const": "yb57-CZK" },
                { "title": "Djiboutian franc (Fr)", "const": "gpsw-DJF" },
                { "title": "Danish krone (kr.)", "const": "vv86-DKK" },
                { "title": "Dominican peso (RD$)", "const": "zht6-DOP" },
                { "title": "Algerian dinar (د.ج)", "const": "q2ny-DZD" },
                { "title": "Egyptian pound (EGP)", "const": "6zpf-EGP" },
                { "title": "Eritrean nakfa (Nfk)", "const": "wqvi-ERN" },
                { "title": "Ethiopian birr (Br)", "const": "4d1k-ETB" },
                { "title": "Euro (€)", "const": "ftzc-EUR" },
                { "title": "Fijian dollar ($)", "const": "oygu-FJD" },
                { "title": "Falkland Islands pound (£)", "const": "uwzm-FKP" },
                { "title": "Pound sterling (£)", "const": "i6b9-GBP" },
                { "title": "Georgian lari (₾)", "const": "1xl7-GEL" },
                { "title": "Guernsey pound (£)", "const": "ltri-GGP" },
                { "title": "Ghana cedi (₵)", "const": "uvg5-GHS" },
                { "title": "Gibraltar pound (£)", "const": "lp1m-GIP" },
                { "title": "Gambian dalasi (D)", "const": "nshw-GMD" },
                { "title": "Guinean franc (Fr)", "const": "fc6h-GNF" },
                { "title": "Guatemalan quetzal (Q)", "const": "0mow-GTQ" },
                { "title": "Guyanese dollar ($)", "const": "gurk-GYD" },
                { "title": "Hong Kong dollar ($)", "const": "97v0-HKD" },
                { "title": "Honduran lempira (L)", "const": "bs8f-HNL" },
                { "title": "Croatian kuna (kn)", "const": "bbod-HRK" },
                { "title": "Haitian gourde (G)", "const": "y4cu-HTG" },
                { "title": "Hungarian forint (Ft)", "const": "x4u5-HUF" },
                { "title": "Indonesian rupiah (Rp)", "const": "czrt-IDR" },
                { "title": "Israeli new shekel (₪)", "const": "oaly-ILS" },
                { "title": "Manx pound (£)", "const": "kmbu-IMP" },
                { "title": "Indian rupee (₹)", "const": "bmtg-INR" },
                { "title": "Iraqi dinar (د.ع)", "const": "q8tp-IQD" },
                { "title": "Iranian rial (﷼)", "const": "3ozn-IRR" },
                { "title": "Iranian toman (تومان)", "const": "i3sx-IRT" },
                { "title": "Icelandic króna (kr.)", "const": "dmei-ISK" },
                { "title": "Jersey pound (£)", "const": "4hfm-JEP" },
                { "title": "Jamaican dollar ($)", "const": "4w32-JMD" },
                { "title": "Jordanian dinar (د.ا)", "const": "bax6-JOD" },
                { "title": "Japanese yen (¥)", "const": "mjvt-JPY" },
                { "title": "Kenyan shilling (KSh)", "const": "n2dk-KES" },
                { "title": "Kyrgyzstani som (сом)", "const": "123j-KGS" },
                { "title": "Cambodian riel (៛)", "const": "uklp-KHR" },
                { "title": "Comorian franc (Fr)", "const": "a6d9-KMF" },
                { "title": "North Korean won (₩)", "const": "0u9u-KPW" },
                { "title": "South Korean won (₩)", "const": "r115-KRW" },
                { "title": "Kuwaiti dinar (د.ك)", "const": "f76p-KWD" },
                { "title": "Cayman Islands dollar ($)", "const": "7uv1-KYD" },
                { "title": "Kazakhstani tenge (₸)", "const": "lagf-KZT" },
                { "title": "Lao kip (₭)", "const": "oigt-LAK" },
                { "title": "Lebanese pound (ل.ل)", "const": "ystv-LBP" },
                { "title": "Sri Lankan rupee (රු)", "const": "kaxu-LKR" },
                { "title": "Liberian dollar ($)", "const": "ga72-LRD" },
                { "title": "Lesotho loti (L)", "const": "lj2k-LSL" },
                { "title": "Libyan dinar (د.ل)", "const": "4x9u-LYD" },
                { "title": "Moroccan dirham (د.م.)", "const": "6vow-MAD" },
                { "title": "Moldovan leu (MDL)", "const": "l4nd-MDL" },
                { "title": "Malagasy ariary (Ar)", "const": "spmp-MGA" },
                { "title": "Macedonian denar (ден)", "const": "qx2j-MKD" },
                { "title": "Burmese kyat (Ks)", "const": "2wuh-MMK" },
                { "title": "Mongolian tögrög (₮)", "const": "209p-MNT" },
                { "title": "Macanese pataca (P)", "const": "z755-MOP" },
                { "title": "Mauritanian ouguiya (UM)", "const": "9fes-MRU" },
                { "title": "Mauritian rupee (₨)", "const": "ka90-MUR" },
                { "title": "Maldivian rufiyaa (.ރ)", "const": "gumf-MVR" },
                { "title": "Malawian kwacha (MK)", "const": "cjlt-MWK" },
                { "title": "Mexican peso ($)", "const": "5ph7-MXN" },
                { "title": "Malaysian ringgit (RM)", "const": "7jlh-MYR" },
                { "title": "Mozambican metical (MT)", "const": "w9um-MZN" },
                { "title": "Namibian dollar (N$)", "const": "7uvv-NAD" },
                { "title": "Nigerian naira (₦)", "const": "97gw-NGN" },
                { "title": "Nicaraguan córdoba (C$)", "const": "v9ky-NIO" },
                { "title": "Norwegian krone (kr)", "const": "e1z0-NOK" },
                { "title": "Nepalese rupee (₨)", "const": "11d1-NPR" },
                { "title": "New Zealand dollar ($)", "const": "qu23-NZD" },
                { "title": "Omani rial (ر.ع.)", "const": "12rd-OMR" },
                { "title": "Panamanian balboa (B/.)", "const": "9jrx-PAB" },
                { "title": "Sol (S/)", "const": "thq9-PEN" },
                { "title": "Papua New Guinean kina (K)", "const": "khl9-PGK" },
                { "title": "Philippine peso (₱)", "const": "r0td-PHP" },
                { "title": "Pakistani rupee (₨)", "const": "kx83-PKR" },
                { "title": "Polish złoty (zł)", "const": "6u0w-PLN" },
                { "title": "Transnistrian ruble (р.)", "const": "30sc-PRB" },
                { "title": "Paraguayan guaraní (₲)", "const": "gbgc-PYG" },
                { "title": "Qatari riyal (ر.ق)", "const": "zodl-QAR" },
                { "title": "Romanian leu (lei)", "const": "eekr-RON" },
                { "title": "Serbian dinar (рсд)", "const": "1umv-RSD" },
                { "title": "Russian ruble (₽)", "const": "q6ne-RUB" },
                { "title": "Rwandan franc (Fr)", "const": "q39l-RWF" },
                { "title": "Saudi riyal (ر.س)", "const": "i2ws-SAR" },
                { "title": "Solomon Islands dollar ($)", "const": "j6r8-SBD" },
                { "title": "Seychellois rupee (₨)", "const": "lr42-SCR" },
                { "title": "Sudanese pound (ج.س.)", "const": "kemw-SDG" },
                { "title": "Swedish krona (kr)", "const": "4apb-SEK" },
                { "title": "Singapore dollar ($)", "const": "ygp3-SGD" },
                { "title": "Saint Helena pound (£)", "const": "m1dj-SHP" },
                { "title": "Sierra Leonean leone (Le)", "const": "7ff5-SLL" },
                { "title": "Somali shilling (Sh)", "const": "b5qk-SOS" },
                { "title": "Surinamese dollar ($)", "const": "y55u-SRD" },
                { "title": "South Sudanese pound (£)", "const": "l0dw-SSP" },
                { "title": "São Tomé and Príncipe dobra (Db)", "const": "gj66-STN" },
                { "title": "Syrian pound (ل.س)", "const": "2ayc-SYP" },
                { "title": "Swazi lilangeni (E)", "const": "y359-SZL" },
                { "title": "Thai baht (฿)", "const": "fmjm-THB" },
                { "title": "Tajikistani somoni (ЅМ)", "const": "y2hr-TJS" },
                { "title": "Turkmenistan manat (m)", "const": "sse0-TMT" },
                { "title": "Tunisian dinar (د.ت)", "const": "ciei-TND" },
                { "title": "Tongan paʻanga (T$)", "const": "u6u5-TOP" },
                { "title": "Turkish lira (₺)", "const": "cxyu-TRY" },
                { "title": "Trinidad and Tobago dollar ($)", "const": "9x12-TTD" },
                { "title": "New Taiwan dollar (NT$)", "const": "rf2l-TWD" },
                { "title": "Tanzanian shilling (Sh)", "const": "wve6-TZS" },
                { "title": "Ukrainian hryvnia (₴)", "const": "q84w-UAH" },
                { "title": "Ugandan shilling (UGX)", "const": "8y2t-UGX" },
                { "title": "United States (US) dollar ($)", "const": "5125-USD" },
                { "title": "Uruguayan peso ($)", "const": "gn33-UYU" },
                { "title": "Uzbekistani som (UZS)", "const": "jah4-UZS" },
                { "title": "Venezuelan bolívar (2008–2018) (Bs F)", "const": "ummh-VEF" },
                { "title": "Venezuelan bolívar (Bs.)", "const": "y37i-VES" },
                { "title": "Vietnamese đồng (₫)", "const": "v8yo-VND" },
                { "title": "Vanuatu vatu (Vt)", "const": "ruip-VUV" },
                { "title": "Samoan tālā (T)", "const": "3mgg-WST" },
                { "title": "Central African CFA franc (CFA)", "const": "np92-XAF" },
                { "title": "East Caribbean dollar ($)", "const": "185h-XCD" },
                { "title": "West African CFA franc (CFA)", "const": "rkm0-XOF" },
                { "title": "CFP franc (Fr)", "const": "l6g6-XPF" },
                { "title": "Yemeni rial (﷼)", "const": "glb9-YER" },
                { "title": "South African rand (R)", "const": "h2o0-ZAR" },
                { "title": "Zambian kwacha (ZK)", "const": "hg7i-ZMW" }
              ]
            },
            "woocommerce_currency_position": {
              "type": "string",
              "title": "Currency position",
              "description": "This controls what currency prices are listed at in the catalog and which currency gateways will take payments in.",
              "oneOf" : [
                { "const" : "left", "title" : "Left" },
                { "const" : "right", "title" : "Right" },
                { "const" : "left_with_space", "title" : "Left with space" },
                { "const" : "right_with_space", "title" : "Right with space" }
              ]
            },
            "woocommerce_currency_thousand_separator": {
              "type": "string",
              "maxLength": 1,
              "minLength": 1,
              "default": ".",
              "title": "Thousand separator",
              "description": "This sets the thousand separator of displayed prices."
            },
            "woocommerce_currency_decimal_separator": {
              "type": "string",
              "maxLength": 1,
              "minLength": 1,
              "default": ".",
              "title": "Decimal separator",
              "description": "This sets the decimal separator of displayed prices."
            },
            "woocommerce_currency_number_of_decimal": {
              "type": "integer",
              "default": 2,
              "minimum": 1,
              "title": "Number of decimals",
              "description": "This sets the number of decimal points shown in displayed prices."
            }
          }
        }
      }
    },
    {
      "title": "Products",
      "type": "object",
      "properties": {
        "woocommerce_shop_page_id": {
          "$ref": "#/definitions/woocommerce_shop_page_id",
          "title": "Country",
          "description": "The base page can also be used in your product permalinks."
        },
        "woocommerce_cart_redirect_after_add": {
          "title": "Redirect to the cart page after successful addition",
          "type": "boolean"
        },
        "woocommerce_enable_ajax_add_to_cart": {
          "title": "Enable AJAX add to cart buttons on archives",
          "type": "boolean"
        },
        "woocommerce_placeholder_image": {
          "title": "Placeholder image",
          "type": "integer",
          "default": 6
        }
      }
    }
  ]
}
