{
  "ui:globalOptions": {
    "enableMarkdownInDescription": true
  },
  "ui:order": ["name", "apiVersion", "title", "version", "description", "icon", "category", "keywords", "*"],
  "name": {
    "ui:placeholder": "namespace/block-name",
    "ui:autofocus": true
  },
  "parent": {
    "ui:orderable": false,
    "items": {
      "ui:label": false
    }
  },
  "ancestor": {
    "ui:orderable": false,
    "items": {
      "ui:label": false
    }
  },
  "allowedBlocks": {
    "ui:orderable": false,
    "items": {
      "ui:label": false
    }
  },
  "apiVersion": {
    "ui:widget": "SelectWidget"
  },
  "category": {
    "anyOf": [
      {
        "ui:label": false
      },
      {
        "ui:label": false
      }
    ]
  },
  "__experimental": {
    "anyOf": [
      {
        "ui:label": false,
        "ui:title": "Name of the experiment",
        "ui:description": "The name of the experiment this block is a part of, or boolean true if there is no specific experiment name."
      },
      {
        "ui:label": false,
        "ui:title": "Mark this block as experimental",
        "ui:description": "The name of the experiment this block is a part of, or boolean true if there is no specific experiment name.",
        "ui:widget": "ToggleWidget"
      }
    ]
  },
  "description": {
    "ui:widget": "TextareaWidget",
    "ui:rows": 5
  },
  "keywords": {
    "ui:orderable": false,
    "items": {
      "ui:label": false
    }
  },
  "textdomain": {
    "ui:placeholder": "namespace/block-name"
  },
  "usesContext": {
    "ui:orderable": false,
    "items": {
      "ui:label": false
    }
  },
  "supports": {
    "align": {
      "oneOf": [
        {
          "ui:label": false,
          "ui:title": "Enable support for all block alignments",
          "ui:description": "This property adds block controls which allow to change block’s alignment. This adds support for all the options: `left`, `center`, `right`, `wide`, and `full`.",
          "ui:widget": "ToggleWidget"
        },
        {
          "ui:label": false,
          "ui:title": "Enable support for individual block alignments",
          "ui:description": "This property adds block controls which allow to change block’s alignment.",
          "ui:orderable": false,
          "items": {
            "ui:label": false
          }
        }
      ]
    },
    "typography": {
      "textAlign": {
        "oneOf": [
          {
            "ui:title": "Enable all alignments",
            "ui:description": "This property adds block toolbar controls which allow to change block's text alignment.",
            "ui:widget": "ToggleWidget",
            "ui:label": false
          },
          {
            "ui:title": "Select enabled alignments",
            "ui:description": "This property adds block toolbar controls which allow to change block's text alignment.",
            "ui:label": false,
            "ui:orderable": false,
            "items": {
              "ui:label": false
            }
          }
        ]
      }
    },
    "layout": {
      "oneOf": [
        {
          "ui:title": "Simple (flow)",
          "ui:description": "This value only applies to blocks that are containers for inner blocks. If set to `true` the layout type will be `flow`. For other layout types it's necessary to set the `type` explicitly inside the `default` object.",
          "ui:widget": "ToggleWidget",
          "ui:label": false
        },
        {
          "ui:title": "Advanced",
          "ui:description": "This value only applies to blocks that are containers for inner blocks. If set to `true` the layout type will be `flow`. For other layout types it's necessary to set the `type` explicitly inside the `default` object.",
          "ui:label": false,
          "ui:orderable": false,
          "items": {
            "ui:label": false
          }
        }
      ]
    },
    "interactivity": {
      "oneOf": [
        {
          "ui:title": "Enable interactivity support",
          "ui:description": "Indicates if the block is using all Interactivity API features.",
          "ui:widget": "ToggleWidget",
          "ui:label": false
        },
        {
          "ui:title": "Enable dedicated interactivity features"
        }
      ]
    },
    "spacing": {
      "margin": {
        "oneOf": [
          {
            "ui:title": "Enable margin support",
            "ui:description": "This value signals that a block supports some of the CSS style properties related to spacing. When it does, the block editor will show UI controls for the user to set their values if the theme declares support.\n\nWhen the block declares support for a specific spacing property, its attributes definition is extended to include the style attribute.",
            "ui:widget": "ToggleWidget",
            "ui:label": false
          },
          {
            "ui:title": "Enable by direction",
            "ui:description": "This value signals that a block supports some of the CSS style properties related to spacing. When it does, the block editor will show UI controls for the user to set their values if the theme declares support.\n\nWhen the block declares support for a specific spacing property, its attributes definition is extended to include the style attribute.",
            "ui:label": false
          },
          {
            "ui:title": "Enable by alignment",
            "ui:description": "This value signals that a block supports some of the CSS style properties related to spacing. When it does, the block editor will show UI controls for the user to set their values if the theme declares support.\n\nWhen the block declares support for a specific spacing property, its attributes definition is extended to include the style attribute.",
            "ui:label": false
          }
        ]
      },
      "padding": {
        "oneOf": [
          {
            "ui:title": "Enable padding support",
            "ui:description": "This value signals that a block supports some of the CSS style properties related to spacing. When it does, the block editor will show UI controls for the user to set their values if the theme declares support.\n\nWhen the block declares support for a specific spacing property, its attributes definition is extended to include the style attribute.",
            "ui:widget": "ToggleWidget",
            "ui:label": false
          },
          {
            "ui:title": "Enable by direction",
            "ui:description": "This value signals that a block supports some of the CSS style properties related to spacing. When it does, the block editor will show UI controls for the user to set their values if the theme declares support.\n\nWhen the block declares support for a specific spacing property, its attributes definition is extended to include the style attribute.",
            "ui:label": false
          },
          {
            "ui:title": "Enable by alignment",
            "ui:description": "This value signals that a block supports some of the CSS style properties related to spacing. When it does, the block editor will show UI controls for the user to set their values if the theme declares support.\n\nWhen the block declares support for a specific spacing property, its attributes definition is extended to include the style attribute.",
            "ui:label": false
          }
        ]
      }
    },
    "shadow": {
      "oneOf": [
        {
          "ui:title": "Enable shadow support",
          "ui:description": "Defines whether a box shadow is enabled or not.",
          "ui:widget": "ToggleWidget",
          "ui:label": false
        },
        {
          "ui:title": "@TODO: title",
          "ui:description": "@TODO: description",
          "ui:label": false
        }
      ]
    }
  },
  "$schema": {
    "ui:widget": "hidden"
  }
}
