{
  "title": "Weekly opening hours",
  "description": "This Schema declare opening hours for a business.",
  "definitions": {
    "openinghour": {
      "type": "object",
      "properties": {
        "from": {
          "type": "string",
          "title": "From",
          "format": "time",
          "default": "08:00:00"
        },
        "to": {
          "type": "string",
          "title": "To",
          "format": "time",
          "default": "18:00:00"
        },
        "note": {
          "type": "string",
          "title": "Note",
          "description": "Can be used to display a note like _Reservations only_"
        }
      },
      "required": [
        "from",
        "to"
      ]
    },
    "day": {
      "type": "object",
      "properties": {
        "name": {
          "type": "string",
          "title": "Weekday",
          "enum": [
            "Montag",
            "Dienstag",
            "Mittwoch",
            "Donnerstag",
            "Freitag",
            "Samstag",
            "Sonntag"
          ]
        },
        "openingHours": {
          "type": "array",
          "items": {
            "$ref": "#/definitions/openinghour"
          },
          "minItems": 1,
          "title": "Opening hours"
        }
      },
      "required": [
        "name"
      ]
    }
  },
  "type": "object",
  "properties": {
    "name": {
      "type": "string",
      "title": "Title",
      "description": "The title will be rendered in the published post/page as __header__ text.",
      "default": "Öffnungszeiten",
      "maxLength": 30
    },
    "days": {
      "type": "array",
      "items": {
        "$ref": "#/definitions/day"
      },
      "title": "Weekdays"
    }
  }
}
